{
	"schemaVersion": 1,
	"id": "forgeai",
	"version": "${version}",
	"name": "ForgeAI",
	"description": "This is an example description! Tell everyone what your mod is about!",
	"authors": [
		"Me!"
	],
	"contact": {
		"homepage": "https://fabricmc.net/",
		"sources": "https://github.com/FabricMC/fabric-example-mod"
	},
	"license": "CC0-1.0",
	"icon": "assets/forgeai/icon.png",
	"environment": "*",
	"entrypoints": {
		"main": [
			"com.tyler.forgeai.ForgeAI"
		],
		"client": [
			"com.tyler.forgeai.ForgeAIClient"
		]
	},
	"mixins": [
		"forgeai.mixins.json",
		{
			"config": "forgeai.client.mixins.json",
			"environment": "client"
		}
	],
	"depends": {
		"fabricloader": ">=0.18.2",
		"minecraft": "~1.21.8",
		"java": ">=21",
		"fabric-api": "*"
	},
	"suggests": {
		"another-mod": "*"
	}
}